Tier,Points,Player ID
CHALLENGER,2003,IO163wGsEEVEwGBjI9S_M43T_7KgiiNb3J3qcmJXAdQ2we3PZWDMmHs3mJW8itdUBAm2DkQKXOvRlg
CHALLENGER,1976,DN1iWK3tSbB_lumE5ypUtDDY3AkqD1sCAtIZqKqEoHke9-kTCIhlGMiszCrPcTHNnPRp2Bjg0lgG9w
CHALLENGER,1930,QERNjC8tL3uQyArTZkAvcm04JTmyprm0shmzRzaqJMpE4_7dkwno9TDL8W3TXT5YSeYga3NPOtlGOg
CHALLENGER,1857,mDTRdv5a9zXldmtKiWTX2XgCdI31huM6EJvvDfMpdhY9kMskq29l9YbDEBswQQaZ-UsSERo3GTe95A
CHALLENGER,1842,Xp2Ari9Gr2ITlB_t13umol_7MOtRQXjFfqx7oY9uYnWaz0-m0JlqlLRM91N7w9UtI2oQEbX0bgptQA
CHALLENGER,1784,y1JcNCIO3SEWMryaRBCS8LML1_XbHHsXS4OHfXsjV8LlDqzX87NR4aCquOJZF-TOXGnX5lZduW71mQ
CHALLENGER,1726,TffGDzsY9xASHB9AlA_ThsF42oxtFY0Vn4LF2esGzDd0IY_glfil_u7kQxOAKGtg02fQ0d-DANsSyw
CHALLENGER,1630,38CzzTPt5kDKzc_bYay7WKrt0juqk_Gf2zGOe0xw-v9S6xseEvVIPSBk8DphyFvnko007rO5CXkmdg
CHALLENGER,1618,FpN0ddOhCwZHghMfLFGc7_jfah9UmlClQSKhorJq-4UJtLfbWmzWQFKVHNwHD7LmVpzrcFm1ih548A
CHALLENGER,1596,PIRHWaKHFDbL0tde-6u3KLGt5yYrhRsvV8NJOTIsiJas63CAc2ItXIto1828WdBsPu15xNsC_Ft6ug
CHALLENGER,1592,oh1lLI62pbR37xcj60x6Uk0zXgwProVfRQqk83VOn7pP6lvRKzSxciIKuwG_1OJA8RvyeY0szu0vgg
CHALLENGER,1589,AmsObruOeKlEpWA_5A3-g8EQy0FXQomyQt-YU81LiDhg4TRKRUSeseks-7NXuWmQ_kZ_tijW4Et2NQ
CHALLENGER,1564,wcxFE36Kq4pkOJ-RsQtJAV3VIBj16fMyCbONKy4w-KtieoB1lp9M1j5O3BAdpFJYZSy4TNAo-ID_lg
CHALLENGER,1562,YCYlMheJucwzEVy6yWc18xnLEPEtS9Pq3I5NppjE1l4DixmpUd949QhE2mD7hyzZdyGZ96h1Cryj5w
CHALLENGER,1526,qNNXNQstc6UROxnrfttFwP4-yHrXJc2bs5zui1EvE9VNLV97hG6e2dp4C6wLUf7FPQ8hPlE8FcUEOg
CHALLENGER,1519,3TKjmtH_fkOG26XJkigz_5xhy8_IK-px3Zp6BJ8XWDayl5YQT6c0GB_iB4ebOHeV21CtMUIjbjNW8w
CHALLENGER,1518,2F9jr7nPcHq1VIR7YcBAK62MgRUdPj44H41lbsg8LD292xIL9IqFWaKH19kLPhxDGE8sqOVD8aWU1w
CHALLENGER,1515,Fhyj56OMhL_tDTnrPXAwKfBLMJFVLn0tLBpEQY0u4-dlgEc3YP2AR6VoSRg0_Y3M3IZKTw5R07lo8A
CHALLENGER,1459,oesyRvCsRX1AqvBrrSXzIbTaRPkO7rHK_MEF-SekwvsM4y-0jwyib6XJi43Sp-22l_rUVsos7I-nqQ
CHALLENGER,1441,4ZckYDpZvLb8tHjmr1sF32-Vdl6HGDdeZWenhnWp5MpCSe6QI60GDFp6dRGV4kgc96H9lKzXej2UOg
CHALLENGER,1432,Qr2o7CFyoOvtMNPPKhldt7r0bRihMKwuzJ4RPas22RWqXVXXSL-o1cGQoLbv0CbxGxdCbDhRv-93hg
CHALLENGER,1429,JV4Ei3hIu9nLGsrBKFxaZE9BPxWoFYPVShKEEIiUovb9vzI18yK09-xmIY5ZILQjKP9W1dUxsROZAw
CHALLENGER,1426,g7f2cyNdZkMaY7HfAMxZHtI-Mt6jPPWGCDLrLkWS2NLdQi5SpkeIrE3i7XKqtvVuv3oROmyjGo15yw
CHALLENGER,1420,PY-lz7BkqHMjCqaIoEkg2XZd82QLs37lwrnesqGc7SbcAkt63ckdhkpd8XcaITwLkITuIlB8YkUo8w
CHALLENGER,1419,MV4e9y3W8GO57u3WwUM6LhHCIXYHWB6PbPbHgpr3wTaveSlIT5CWuSyBJBC1OzUvOPG7H3-yBH4T_w
CHALLENGER,1402,wFy5hm27K0aT_vgT-q1mLntSAY5uHK-csjtwx8G15L8TU3fb0_SgXn_B6rQSiSoKd9O1SwT5BYs_6w
CHALLENGER,1392,hRNp-2mJbvbpQSFArAT1-4RMEKXjWZKk17ORnP4V3h5u_emGStpbwGMpllmFvQDAw1a-UxgH0e5Tjg
CHALLENGER,1361,0PfL7vxDJjNWXb_VoiRtOtc5p5mCB6pugXfdZuBZ4CPgXJEaSZYPY-c4AuGksB3459DZeH07elyQ1g
CHALLENGER,1359,bBfsFdR9nmb6Mgozs7_9QRf3S4xsakYZf0h0yNCCWXRKM75tNePgGOSBXgpidixsvuDvJ-eIROTK3A
CHALLENGER,1345,ka0pte9YLNQMtRd522aumnbkhLN3LbWnHgl8Pe-v0IIlx9P6kvnexjgRjukRb6OP3scBpz2KU7XPVQ
CHALLENGER,1332,KcIasPg0mdy8kwMprxGkallac5_1zp071rkkvbx66qWV0P8cKzg13VF-pG8wg6NBJoJ2HEnoTPYfZA
CHALLENGER,1321,Vp3SH5bW1ZlcFu-WiwEoCGvOa6q6C7_iqfqVEOEdE0zx42hwfOx_bQ1mLMs6uR9NhX11M-BlbfbJGg
CHALLENGER,1318,9ZDwNLnES25fFUtRNoyVjlf8afOch2FJ9Rfy1tFIkH6rhqv16gUtAaQwee_rN1Zb09SIAE8D56yLXg
CHALLENGER,1312,ZbXr3WPiDYAFyNxDJd5E1oax-N5hImj4RXJ-1XXPiUPGEKCyg6AcdssAWJC1TylsMDLsq5TqdPcAfg
CHALLENGER,1311,zMhl7os-R8XZvhRcGtCWf_TbfjWY0MOOduOJG3bEvFJn8btp7cIhHxV9JEbrAgdQ5SlaAsS1wKCtow
CHALLENGER,1304,ysZ77f-uMf35OE1nWl4oXPh5G_pryzJixS_Qv0nKZ5rqx7bJECqJdRZ8up-lXrf6ChJLqMzw5saWTA
CHALLENGER,1300,2-anOX5vE7pt4lLrtWkJ0P8POSrJ4XNmoG480tfXoGOAFllATqPQl_5QwYDgRwcaBAGfUEbUrvDUoA
CHALLENGER,1297,Pk-51hNWfp0fF4NfKTPIVztIq837uJ_-C1LMka0EwHjnnfPIyrAmIAMczahKS5PE-V2XbL-3IMmRwQ
CHALLENGER,1293,_v1yJHTLDqTIp87i7-B1-WEvHi1dDuGpj7WyzxRmcpbKmzxyBzu_Wa_Z8FXbzoaYZvuqz6lhPArRaA
CHALLENGER,1279,etJG0_51Aln_EtJ2xUHM1M0U37y0drIhjVaJ6fLLVpmP94PLmXSJisWME4zx7-YBFOmPQV2YO0g5lQ
CHALLENGER,1273,9IpeEnmte2lJt94vH9bUgM7SBEgflh0jPhOoANP2oAt_ouFn_K9pRrk3ybCHTjaQgi0un4WFpruKFQ
CHALLENGER,1269,XDxCGVuE_btnnShaUPeAwfJT8DpTFqsnkc2INv_eSfSWZOCsvjwS8hm8vaX3M6yDFuqIzx-4ViqHmA
CHALLENGER,1261,9gI-c7Xb70yhg032LRep0Vkxhbgb0S8IeJ2iOaRmx-6hYA43ycilHhBKb2AHLHvl0lsp9BA5XhWJXw
CHALLENGER,1253,2oLw4CzpuqRUa1sA3PUZG8XCPG4x2bVclQ-Ux7AxjxAfPA6mTZU-n1Wt2eH-kJTagtL61RmYY7RWLQ
CHALLENGER,1250,JJgVudYyJwO2sw0Ra0rvx7czzLiYrsxzKzaYaeyckw1WqybDxDdkApbmvs6q5Dr3ihoLwTlOWEHo3g
CHALLENGER,1240,LHdDUY7Xok2jrqWcGiu56d7kyzSjpAgDZxf6s6UOGVkwg6-FByVactf6OIopB41-k_CLa7Pu5ix8QQ
CHALLENGER,1235,w-9u9gzOZEmGnW4crlEYIJjjPmz8qb4FmmDgw_qAowVA622nNQr_sxJVn3ZVmGM6X_9oGC9_ocUxhw
CHALLENGER,1234,k4wVd6NfFEdyw2EW-QoY4ZtGhV5kYJ7tcyj8cqkwbHSzuno8pyaMA0CLalMq-3D61uzD_GaLkYUj1w
CHALLENGER,1231,1HmcS1N4g5L_22hwZk6xd3DTTH57UOefVJrBIKjIFdS4NNj2b4cf2jj2LVj4WHUg-Gm2UKoV5DrCRw
CHALLENGER,1228,Fd5jW13LE1yB_qCLxyZgO_tuRkVFm_F8kDGoPG9ajarXhkMzjqN_evZF5_F4FYrZqaIIODh8HNd8wA
CHALLENGER,1223,pOvkAyPdmUiFp5fFHxZu1iVkECjQUOuwxZtPpYiotMuRk57IQJX8zpVPK4zorNBIAJwcRT_qmM71_w
CHALLENGER,1222,tsyVBmITG2rEN6M7-OXvoOOsMMq2xAi0Bo4eSGc3ivdGTuXhb1aa1Sux_C2Jl0madgW0u-hBeNhqWA
CHALLENGER,1221,YISHnDpZ9O0hFdAob8LMePdjuCyIwLBBYHN1jpvEKV1xeck0Da6-VBQ12Z3Ae1DeyZ-k6_k5W1PAcA
CHALLENGER,1216,FA1d2wd6cZE3YcXysvUahzG7UGadHM3zKgbfxZ70EKmDBUJih-p0UhSaggg1yzVP7VDCn7qmg4BzZg
CHALLENGER,1214,a1K9tCbWTpXTkjQ1ckFt4lKIoqzGskwfjfaIUB6MqgHBB5bt1YQKwAAbYjkezbyt-QYrazWICzkErQ
CHALLENGER,1213,RDnK7jN81zbheBbytSezRf0RlsITaG1qFYC39XzpUEa5s5-l5eaRv-SqCqzAPNV7ScMUZQEPplW34Q
CHALLENGER,1203,dxVEWrw9kwGDea5wQI6J4pl6MwbvMvCH3EoPbMwl9bmqmFrO1V1gQ-DnfZeCespY2yeQJHPmYAJwBQ
CHALLENGER,1201,-Gg1a30U0ed4a2Nz0KXOqSH4AAq_Z2UV4OKkyYxDVL-ary0FS0D1dqcruIKrWyJccdzqrXzyZK-BjA
CHALLENGER,1193,sFJ9WVVOgnUrX1zsRATqQ6xv2rPUO3S9xact3cfenUx9sqUYQ4V1LQYlCPtM3EkwXe4-td0q1ModVQ
CHALLENGER,1186,q-hVA_mOhSJeCAXhGAe3tE6Q_4MFT87mYfR18ecJz6R8p0kyGzJ-eHfQ0Cw_cpcXXH0pCubujpiRLw
CHALLENGER,1180,eciXIVvT2X3xkvoT-HVoqL6N0ibztSXGGnVZLwp4RCpsFpsQJYVSPwR1n6Rb_xjyAxSCKACMT0XjMA
CHALLENGER,1178,xub32IC79OIBm-FuHVZE3G0QCihzpDbV-k-NX7qyDGvC5SB1yaRqs-7e_84X72pG678YgkduhC_iXA
CHALLENGER,1173,fx6qWkXfwuIvom2lAc25FDt_laVWp1pL85bFe-RwNzfglP89T9LP5vHCXeCS_DibnmqVRIUWTVieHg
CHALLENGER,1171,vlZesr07wKNniUUTMhDZN48ep_su-w94lL1Kr8AUzrqedh_xQrfClWDY9xgeU69p1i221ooH9ESIsg
CHALLENGER,1165,Jt4v8pYv5Ts53vyN_IVUy3e_Dk_a9i1Jq1WXbdgTGGKJOoi2pStXeJkwAs7hRqmHfs6jY9wwHjMyTA
CHALLENGER,1162,oDfJTsoBAyJqVJm9ryBdnT2tzK6AJT7xUltIKDh180l8Pkmv_4XA6inioGd8_owGLaom6ZbYGHa6_w
CHALLENGER,1160,f2wcPBaz6R9WDxFY7bJew_vA8NKB0bNFHzD1gI62wS9JVcJbaumaxpz9RmaGvTubEUCNCs8g-9yZ_A
CHALLENGER,1160,GI3jDrIO9VVBK2q5B7NjIV9zpkwcjxjeHn4lVUT2t_cpP0yQ42uG3y1jDSJpso068eDHXM19kIVScA
CHALLENGER,1159,Gm7Oxd92_J6PXzRu6mzf9Ckr9xK9RWoaVjNI-37q5JB52Se2gZfm-pnAkNz210hzMrVcNcEKR-_GxQ
CHALLENGER,1156,4Z1qyrGrGNmBvX58jB2z5OjyWMKE9AyzFkrOKgWMB6FDj4BGAijaz95uwgItMnIrUE4lHkSIlLGFEg
CHALLENGER,1156,3Mku16-MSF5QvcdpzF5smY01X-MJDQJCQLOjUZd-bohRSYLqhv40Qb-i-d0KTPlLcZTX7bW7A1EWkQ
CHALLENGER,1151,HyrrAh9ooIcI6X5W6mprMjNPdilWYY4k6mKoVtLctaQNZzRVEs1JeVpVJ9OuZThzc7TFUoftMhSZeA
CHALLENGER,1142,HyxJFOnbyVHl5lTLB_Q5US24JpvCwZCr6ECFdNbHiT10RPRaO_yGIxodUrus_mpxYCclRq3op8OWQg
CHALLENGER,1141,a1-R_fYBAa0Ls0w2TjantxLx2XPpszBE2tPLUJytw39dNBm-nlhO3WQz2BR325zG1NKTJ5dwk-PuCA
CHALLENGER,1137,E3Bn23J-rN6-089ocuPWpEYDBRYmWTR8wxr9aWdVR6wlHjFyVOa0CN3CANsJvKWqam0hxWQbbloP_g
CHALLENGER,1136,bvFm6cBoG3G36vfLICfl7DzuZYZMWwsfglG-zGoPy357d-ywYxZu0mBhW5pbP1oOubseQkLCjDHPXw
CHALLENGER,1136,73qOenSk2BNO2Pn7-qF-W_T253f6hG9O7Ktpt7UP7ZySRAfzZuWubBcYkUQ7DgKBRbRnAkaNLB0Jew
CHALLENGER,1136,u73uMVGz6C9Y24Fqptd1msCFh3m7W6Rz91SGj703o5-tnJT8xzKv3k5w5_qMNDrxnfLe-lLPAzGlGg
CHALLENGER,1135,Hj3JWJbVnUI14W1k-tXe68pCmpSH3lp-wks0yBhk2yrx2Plx5IIuPoZ2lxFSQyE1JmO-garyUMt0xA
CHALLENGER,1128,U9U2vd7dBFRW94E3GwHA3AruOOzYBykV7ObQ4NmKS4I6ydL2X260yvkqZAG06tJ1wra406T9ZNF2Kg
CHALLENGER,1125,zf2x-0LdieuuzJV_UIDWPzLStHQ7XPMekEtIpxC_SZH-BUwwOkKfpDp4HsjcDKysRmqiqWsfshXMvQ
CHALLENGER,1123,_Dcv6LuuQiyndxtc6_UQMfyaI3mQVDn_lfLN5F79zTJwUfv7AQkejcIfjRuyHh50UiYgCFQhKxMErA
CHALLENGER,1122,rQXybCvSRSeZYtq57oOn6xHEfHicgJfSsKNtN-fKpq0D-x6jVRLPeAbnSRLlNJ_5kdGCIiuE0uzTgA
CHALLENGER,1122,xexi_KgySPKs-gHca9co0Xl9ti-mbTO0XGjVAzrZyEQWG53K6NIfqFlAUyB2tFGss_gYA0bYAm86-Q
CHALLENGER,1122,EkY-qqnP55phk7xMdUNZ8NJZNd59EtdvM39oeciVFKCfjNiNCkRwSawR2XZ118GXaqHjmYVOXWiccg
CHALLENGER,1120,e0YxogHphPBciSKFGwN2DvCjGh5EmLu1NGrVN4mdsqAfe0E6vMC5HlRbtDBizKEandSFH6y_lpx9jA
CHALLENGER,1117,_WUhgHcJLTEizvIaz-1DGS2_2VM-wpMOrBDoMMMTmNkTCL1kDlQ7AV01Iyp7ucWmbYda3SxLC_8FFQ
CHALLENGER,1114,fGeoQrBhdkV_FQIidF-nXEJ87CxcXoM7kzbZR-dNkvK3jA1eMM7Jp578xOCOlGwWVEq4Jg47YSdU9w
CHALLENGER,1113,4lyfuvqPUj1xcG2zdTPyvB7-HBuBi71kp1-YXOb8mVQiqtb0p6G_vV65SUfpePH9tGzsNH1h5KA3Kw
CHALLENGER,1112,RPk_CCUb5DelWNdUnztkbJbMjYcD7o1iBve9PqmL-Gou0nYOG1Ncmo3ZjjaCbCRnI7ba1LuB3ugSEw
CHALLENGER,1109,vEU94x6lhf50RHK901ALKHcIF21CeXJul1GqanaoAdpeWXl4LuinZwLjelasRgaO533smlbBH1R_dQ
CHALLENGER,1106,HCme_ydioO3-WkmX4twGcb4D9JBClj8ZEiR2AsOuAa_wQwhzghPuD5YcZnoCrGcMhrbtzxEA2ibGng
CHALLENGER,1100,JAyYXD3jMWTHngVlzrwfI57Wm51ZWFTD-DciEZMaCsHYdSEv684kQbdQQVZixMeY4kY7vKQypy0fpg
CHALLENGER,1100,lV1sAUKVUpHMQHvQodOPweG1A76cJQGvzjwDItEQmFaCWUqtnoM_9ba_XWRvsaNib6Bzru98bPHZhA
CHALLENGER,1094,V6soCqgscnUwSgpV1FKVVE6RM6gODCLiWGNRSTdeq0abURpEoK_Udoy1XbvQ2WQ5__cwCL1H72ftKA
CHALLENGER,1093,A-QPJY7U2W3CsB9uaEFNqDPfeTxNOhsF-wcW0VgpIk0fSdCRb831dmupM-LQmCODSc3CbevEoeVSYA
CHALLENGER,1092,PVT4QMypeZtpnwcjQfND7R50naHdH83V7NEzONH-XMMeqIw2KIRu7w8LWuHUsXt5jWorR-a5DpMwDA
CHALLENGER,1091,DR507C3MxzDTUdgjHRWtxaub9EzZfA2h4ojNTAkNfJaTyHKnLwob3CALd2T-Gjeto6SKzAAc4kj45w
CHALLENGER,1090,TBHBkupgz52V3xGsSvFr77JBYdxvWaVVekmLPzKLHy7ELE6Orhc1ek-m8KQxcd45I006m8R8eFjzuQ
CHALLENGER,1088,hso3v0pUX_zJV-o1v4ey-D6mCjzP-CiKMofp5ERgF57fQ9IbuhuBDKCT7rqkgByGcC1jmZds1D0yvA
CHALLENGER,1086,DTjk4ZggpyPuH82gjyFaAvYrnC7Lc1BBGaglfhF8gVvkqWeddcQ6XgcwsF5tR8eCjA0nrYI7tPpDsQ
CHALLENGER,1079,GepiYVGHmRLSzaJM0mREhX-btKpDJLvHI9dsl96d2F51cCbDHQ3y2jktjU2xHxGPVKMHGxfEHR1-GQ
CHALLENGER,1079,q0QmN91KO-fHb-vDkzGtmbYGUuPpIDoFKq-IZ4GASNv9Ebd-EtciSiG_1O72mO8uICEqLXVhPIMa2A
CHALLENGER,1068,WyqCWEAYUjs1-Ub6QkU0j9Rf2m5DHsTRU6sup-Jw_NSG4cyZfEQc0QseQuFcZkOK2NJsH7LbiOIGMA
CHALLENGER,1061,8K2eRRqHmGh_IkVDkbBPFnyPpY4uDNsxkPQ5CSW80y0VfNQb9w9sVY0RuAnrD_l6_kH_aAAXvce5Lw
CHALLENGER,1059,StHOzyxRvVZtN6kwCeDHQ-0OVBd8egWhrlIUndvH-RXWzaNpag4iJYNSb8oNWO4h0NTa5ULOOnJWhw
CHALLENGER,1057,azwAXFUL6L00cudmYyvt-HeiaFLwdLtoPjU8GH8YAUNdwzRGyxsuOExKzr8gWADppczmnHfoXsvjIQ
CHALLENGER,1057,OWvi6WhaqfjJcf0eiRdCGxBjUP5h2asvvVgMjJLVkKw_R71vNwa8sR5HO3rwrIRKeVYs8v6jcnZqQQ
CHALLENGER,1055,518C8ZxUwzgwSZruFkLFgVbzhzrKXKD_M7UC8k7XOqVFlZtQIQkvVtRK3qicC4noRPtm7n9CJw16EA
CHALLENGER,1051,FzBIooC_mWflC8tOHnlJA0FQcVH-DtKbbsbZNmIglykft-PC6mUipaMWzg0W9YZLrehDxWQ5p6qfjQ
CHALLENGER,1045,VDR9i09lMOUT0rtrj5tXQf_MMRGgxxzWYcQPyOVKglmCvIzdvQXr8BhVUTuXWtkfElxTcmZhoG7g3A
CHALLENGER,1045,MRuoe5WUIqgHHiKNqq_qN8RpOHDSv7FGBE5AfX67-ejSub0KaER1boNFXXMc1BObIo-ltx6dXHAejQ
CHALLENGER,1044,Y0U7lCeclpbrjDruJGoIFpvyS0dT9YzY6k_DJRxtNbdlzruYxkQvDhPkVvYtg-CgLbQarVVPCCNdLA
CHALLENGER,1039,Dr9iQj1Kp_bZKUb_hCkBOnNcbmtfjGiE8nSjWE8AsODRL7q4bzhFMR6zdCM5Vnt3gIoIpCRbmU7Ehg
CHALLENGER,1036,CHpGZ-IUsdmB5nwN0iLyq71KsilcWcldxKwj1_XZhF4AMBFiAdPkrDkl7-4DjX1b09NEPcEiFRQ9Dg
CHALLENGER,1034,ZA6R9Fx7BfWmopvLxBY7jH3Be14oJMupoHQ9ugzU45bcg8kx0Yk26S4SQwap23BgEzws2rj_XsBKoA
CHALLENGER,1032,nuFrArR40u2gGzw5IC0o7ib3huPgLkVEXMw1Pj1iQQP8AkUIdFfZdzSXoens-AKgr0DQQPw3C2nkJQ
CHALLENGER,1031,7TGfOCEV-WO74X27bVMlQQdovKr7Jo0_kGUSQwCGyjy183Z2rt9amnACC1FrD57RoqxN2bGwlCh9Kg
CHALLENGER,1028,qobZYmf5w60T8J1LJgINBbiOGEtD-M5UA3bMoAlI_CIcJbOHu0yTCF7YlND8LbZ1PGy6eLVgei8P1g
CHALLENGER,1028,oVIkNHzkbCT3KP8wPtqhqOF6-uHsSYO-nNaAl3V3jTVX4RCGuMKUqBMIqbFqVeAVk_aJWech-Il1FA
CHALLENGER,1027,7dKBF-G79LPgCeAL7D8MLhZem7RXqQnyx-9P2XxHQu9wK4c2Surh51hhVLIJul8yhVECeFVxpUjjWg
CHALLENGER,1026,6ujoE_SLsqQO77O4YZC42lHE5i4OhCy07Uqt37HKAkCuyOq8ZayLUKYefooErSJ2_0b38A2QCSO0gA
CHALLENGER,1021,nOzqKEqGxQvDdV_4yucYclnLnUnkP3aKsQuWh56KvJpkCorS3d6VCMt8DXy78v3ruyKj3oj0_2qobg
CHALLENGER,1018,wYAJKmefenVcnFXPC9jLaN8k80tyFQxAL9RAmSeUtWMYvgSL2Zq8I8TbUci5qK3tI20lsCmUfqXgKw
CHALLENGER,1017,9lCebZ5aE3v4QI68duG0M1lC5bakwQlIlZih3NhCyhhtUPDGt_HBi1qvBps_ZljxIXtuGHNRHuMRoA
CHALLENGER,1017,v8hHclQVMxZVP1mW5-wIw-0SKgUhJkB4EFgAs-iTqXvCwFKX6SUhgdKI-X1x6k-hZ_Xv0OIljo1BGQ
CHALLENGER,1017,LIqobH_nvdNkqJnTj6knBljtaQoZObzBIRXIKttEWYazY3kVzH3ellPM5bItH6wMJjMkWDXBHi-8kg
CHALLENGER,1016,pmU7fLfqtgQhG0UBLjpDL2MIFpgdwLEaZzjawcrac9woAikwbniP7x9MnDN59S9SRnwnSk5-rcP_Ww
CHALLENGER,1016,Vg8Dn1zXOpcJy00y3h25MRlx-a_MR7l7OhDw9t372xgkA8Yl2JLhiq5yiuaTj042ntB2Et6bxaOxaQ
CHALLENGER,1016,inZYi2P1hTv19EvZCeAOFqh3QwOiPcGeOpmA8vRUfVkxtIF_j93dvrBu_emV479eciCB7-3t1qcAMg
CHALLENGER,1016,s8E-DGqONizEl59qY5JRmfRYRRCUa-Lajzb2dV58wW0ispwWUJpr-c-5BLW7QLoRabQiqlMrxh86oA
CHALLENGER,1015,wccQRiNJ9q4f_qjsJksBrUlWJwNf01QP6u3Soo3GEc6GPQAhkPtTig72U-v8BEoryt6arvL5zBEAvQ
CHALLENGER,1013,rZRIjFQ6L0Kri3_PzYz_ZKkPD-gxVcCKsmoN_pmemw8XD8H1x9BSuagSQ3UI4R1GPDbBjP1w-udpCw
CHALLENGER,1012,y_N8p2SROSBVMUln_QkFLQIzjDMlHprJY2Z79P42cs7TxALANYskVYR3dFOJnI5xVFqcUmWXXp6rDg
CHALLENGER,1010,NBgzThBjJcJq7V-doTVtyiFMIyVEVdlbk6VGz3NrRrBWq58YwXJhmINL5QRIVrpdIZMbJWmRjo0ZjA
CHALLENGER,1009,pErQCBnKKIq4jTSTKuriufgZwmscvb7S0joXwgaUjDsjqw9txCOxtI_KkHT6uQfLjYUjwa4F5-3ovA
CHALLENGER,1009,oEXDjbKCQGQ9N5SSuZioMLIAHZF3lMEZfEhkQMi1thjnFZuTlQKSk3bdMn59HUQsyCzFB0_EGhUWOQ
CHALLENGER,1008,mi6CR9sqlJA2zCmZQINr7G5dJdKw7RFmRVWg3hIZq7RX2T3GgDb9Q_AJrcTqyOJSWL-oH-zqtIarUQ
CHALLENGER,1008,D4ON3IKIPhqjgIBU196hxBcwAJbloDUmeE-yob2W1U4MjO0i4oq1CftxK6nqNu4rmAPkP7FJOw0OUg
CHALLENGER,1008,DpFHjq1Sj9fndjTpRTMCcV5_n3fiD9dmRUyAhw33I6WSmE9Xzkz5i9veLB9W-FDSrfO-sNkgl7cGWQ
CHALLENGER,1008,E-colhJ3Yxtd2RUpnh7fp1HGsqSP8EIMgJEhTWhEFFA3pVie-Qh3HU-Td9ZpRfDuh9Wjkgbj3R7OiA
CHALLENGER,1007,GKsB6gq8iOgWEcDv9Zuct7t-sDiAAZ3kCxFh8LR3W_fjYHVvUjb9yEuWtg7JPUfwi_NO6PpHWVUmfA
CHALLENGER,1006,iku8hqRBheTQrPj0yPdhMrKpQ_dczBveYNrTI07DX9aELMr3_gMaOT1_m-mhCtw_5xxD8kGzQd-n0Q
CHALLENGER,1002,iLQCjjQF6BcDxlcFIPOst1UCbhuYkSkNOILRpUzb3Wo_tjFsTTN4dLIIgff6IjGuKl_Wb6_Jel4kyg
CHALLENGER,1001,yXiD-wKmtdW-9IDQ5FqFJfvWW62JsXK5gOQGRLg6yLP_aldUsPqBwLzDjW-E2Q_-ly2cAcBoakWOaA
CHALLENGER,1001,KOtucZtM75u7lvpR02eGankPeFIcFRoCy3EReT_WMubhjt-gFeB5iRoF58CCPho_4T_AutU5fzmWDQ
CHALLENGER,1000,dkip1mlYlerVYNI1wnkf0XbCZo68AE41Kp0dcjKLTOfjcDtrBWNC4SWsxjGQJziJ75GeRlO7m1CyBQ
CHALLENGER,1000,9JdrDUhp05XlYnq2zIFwllbDpV6RJWiSaZtgd-_TgilReeTVD1mQlHDJpdyrVv5RIUqsDaylhH2YqA
CHALLENGER,999,rzfSannQLBUDNO_zsTnkd4dvk0U7U8hBn2VJF4d1YCGnOBoda2dJR2a2YERva0jMtzqnCHiHLKDV-Q
CHALLENGER,994,dMLs_vw5o3bLmTko0gY4soCHvth2OCzTiGUXcz1lavjEo5KhtNm68mAJVxmjWT3Puh3q_C_VclU2YA
CHALLENGER,994,u1ObOam7whHJAKP0i-3PPiZiYh35PjwfxxtsI7wxHm_rGDlD-EP9O0yMKooSqb-d6LPu8p684fX4VQ
CHALLENGER,990,uaZEd8QfLxdtO9oKDFNPdftXMLsi1BciZA8GvazpVx5qLKizG1X7Rh7FpJpwuSViVKQTXe39HUBtzA
CHALLENGER,982,4EJtf8gitFgI59shDjOnnR5QAMRjy4v1Ici3VVmaDggAxCogENNg8WNI_1ha6nMvKrTo4oS_u4lN_A
CHALLENGER,980,RxWXu_lF0lGM6XPfsxxQlhKI1NlBuO7PhFKXyhSaUwomrc9gBcYZDPiIGNMpWcvuiybNjkWrOF59fg
CHALLENGER,978,zGzuvQebaDRkRL-dFYOtcc_Nc3t39Wc7fxr5dt0SLUzmPChfO6J2831XTyvCymzQcvdogTASN48qbw
CHALLENGER,976,peziiYo-WsKzIaxbfiv5vl8esIdKjJI_PnWbt1BhsDUR4CLirLYAJPp9SJKBketLaFyQH1a-LBHOZw
CHALLENGER,975,Gc_8z0YSyuFunBzo7aW7dj88FRtsD-UibIGvt8s_Ca_WCTQ5sRDHdNvSyr5Bf50zD0bohEcEd_Fizw
CHALLENGER,974,OJhXphBgEU2FpQ_bFTSGhFgBfs2gnv2ma5jKJ9F-kHev78r-qwO4Upp4CP-GwrAE1RNqgt8IcqwZ3w
CHALLENGER,973,23wbHf3htCAFUjos58r1wlYDr_6USHicmt0iNYn9qhzAubcWvhaBSQAQLy06TIuC0P4iA_GEjiYruA
CHALLENGER,971,1UgTVDaYQXLKfGK9Y3D7DKaxbXVfCIEWdzPm-Nx2N1FVhVXQCRNrZnEGsS1HOnW9nlS1LOlvFrjkhw
CHALLENGER,971,GE0006nMbodcfrvbWNxx8YHrGKJe2fxlSziT6Esy3GYj2x8TzgT6p9techUxaxrRb63F4LBnlLPnkA
CHALLENGER,971,tJmYn7giwUJbvaeaWOJd-bG4emk7DRcVAH8VFzZRCPOZ0_H6xeQZkP7UoMqO8D5D-gkoA2JzrUu-1g
CHALLENGER,971,dhdNbavIuK5Q6md7oaO6kkAeZkU9sALgNfSxYBkEnXct05J1QmJv3Or52M6j9yk6TGKqGfZQ3qaD9Q
CHALLENGER,969,DKGpeDIrRf9r_tdSQfK1SnhAIOXEfaWkqJVV3rIObUttv-_XMsJKLnns4OXY1S_-APFJUjmOQ7ZxvQ
CHALLENGER,968,tG7TCnaLqZy0IuUyyGspMETV8iZLXryIRsQitZmN_G7a8EuEdp-EqaOs_TpA-gp7amSsELFtU8ex7w
CHALLENGER,968,duaEIFI-uYPrW9pItWEel_t8fUksTBFFhCTUSe77TrVDY-LgYTvelfp_7G2MfYeQWfCQISlc80WPIQ
CHALLENGER,964,Upc5THRK7bv3gNvPFcBln9JICZBf0aUcHFu_Fcu7KZQjTsdVO_RJ0NijogIiKJiBX1vkvt43OeVEWQ
CHALLENGER,961,bUJevwTQJCgrs-sQjTkl8NEWi1boytW9TeJvS0aHbLYzMFuWlljsBioFulfIuuza43MH106jvqL_wQ
CHALLENGER,961,0t7HQ7xuz9iM2-lNBy2GkIe1-JRJeciLYUnbHF3yJJw7e9UOoKo681Xe9T852Dkum0xCvd60pIyYeQ
CHALLENGER,960,leqgbIIpI5Bd7BkoQt-pilZvvQpaRofpBqzvUoF1258VfiqPZIKHIHQ34P2NHwTdV316GhaJ8v1ytA
CHALLENGER,960,qGAWvnY56smtgGEzcm0IFzveHv0e78bmhSqwsoR12ZkTmHzV2XYG-aptBeFcV539Hndvk8tvKCrMkg
CHALLENGER,959,hba8J9-I2ijj0TQn8PAsh_7-7Brp8VVn9kTg5TxGXk7Zt5KaoadQeySUOLWJSOJhLUTwPAfgL6MoYw
CHALLENGER,958,72dZasTwbLo-Ng27gzFngKUKmh_pPdollT4CjC2rlqqsDsiRYZmuMglt_jWgI-uhC2lluhMnlh7dIA
CHALLENGER,957,DwInKTIqEV0MJblDIXdM69mVOmVRSgL0--A1B0cpm5kSA8uUDmsDGkxx-2gHtDlhdUVctySDDYHZ3Q
CHALLENGER,955,CAYwPqixMcq2KQzSqnjRDHeh136dXh6K8-zKgM12D-b93-A43W87yYPLzUH5lKpCmw7zh920A7mJnA
CHALLENGER,955,Wqwcil7nSVaR5AgexPr1Zt8Yo8HSv7z8Zn0uvUSzWxBcsNQrmgKv_A3Krx-f11bnHbvaPMesbcn0jw
CHALLENGER,954,OAZAvxM_FSsJZPzOt7CTS0PA5nO4mBlVjOa1hO4LtAWQs-35VghbvB3OW-6ZLtwmqHdEc_0OBSBLMg
CHALLENGER,953,Rb3lR2N668CiD9pUXkylIZhJ3heQOy9pikcBXgwtmkj7GyHDAqz4SUj2OvuuDyQ2WSOlhNRDFxIxlQ
CHALLENGER,951,FapnilnqPc5fGno5j1aFx_bEQpqn1YpFrDqJjxLK3KomiAM73gmeELsph5_2jqVomdPh-hE_cvwiYg
CHALLENGER,951,FmX-9dzsuuEFevd9VOctZeBWFb7Uf-LwiZPhcg4c4_aCUGXYddOrauwZT5wt4ap1RKe0SoJ873W8FA
CHALLENGER,950,hWVcwqWUwzOQ7J3Gkmd6hDiH1MhESGDbaZFztAddJEq7JVawZ08GeGAFvD6t6DE7el88swkmE8js5A
CHALLENGER,950,3M3kALmtciasT7yhKNKvhK-mXYseMl9tgc1pJsncXUZrUK-a2k9VsmBOzLNVQ-2JY-Q8u6VMLZ9AfQ
CHALLENGER,947,Fz58m5_yi6JqwQBoDToqd_7j1JHpi5SWR37ONzX-8WsuP7qN3xE_3VnlDzZxSlQg9l4BVomnIfnDvA
CHALLENGER,944,4FnqHni6YEaBVRpgTS6GxZJIRAgldDKspuEFbaUytgXVLV20PFi97xqRQ3yUO_NMb13Qd1CrRWh5mw
CHALLENGER,942,nnGS9M49xjT2gdnb9gWlPa6XGYCP3McVb68uEZJcN3kPutmUHLKPY0wXDArnLhQAAHT3pnVLDNGnKQ
CHALLENGER,942,g_-NuOvrtYjV1KaL2cmSNxNAHbKjUaFBkinewefzlqZYxC-JHlHP-dEgkVuJ1kqATvaJR0qEQAiGRQ
CHALLENGER,942,we_HOi1p6lqMouzctrAVkSsWSZTpk20fn0VdfOudnUsMNibxxEJ2fIa-UrDZnR2IIB13R7Fh9CAsqw
CHALLENGER,941,LK-nzVy_0mYkyXf8GZleBdJoF6cUz-TCixZNE_XsGEWGVijC4GijW1PGbYmfsrJdhGNmkcLls_F2Ug
CHALLENGER,940,tlF__EjeP6a7hwHkd7BUQmHy_mPnynGzbO6bt919b7bEc_TseUXGEC6Z1OEpX8VjtVNq8ri5JlkBxg
CHALLENGER,940,CRsDk8eBcgsH9ZwyBP9rSOAR7EoVwR54hzm_xf1pwxpgX4oBtcEaSO_pv6Or5aDoZgrB1b-FkBLdfw
CHALLENGER,938,J2x87w5tcgAcTrEOxiAzWoqi5KHLGSFvTF3nsEoJEIC_Azkehr8RcY_WPkDrwVdnP-qSP3YIkMl_mw
CHALLENGER,938,fwD3udxtMZlaWBo9jblS2tX9NcxMpckqEEpO9hu5uVmHMNrVY5Mgn7-90drz0bSbHTHaGBxAbAWG-g
CHALLENGER,935,PHND1Te3NOWfypCzNeEwwqATVlcplktvWVG1DhrePL480EJdGLRTbCb3Q7bIvUdUFf5c3M1hJWEb5Q
CHALLENGER,934,3CoTPVjOb8MwsC7XFRK5-s7AEfJU7_Aykla24c_4YGodd5QB7z6e9dlFXZK4cCjmp2Yw-aoIPE30CQ
CHALLENGER,933,NDa0xP_Huy9wS5NvzV_JpuVUr-z-GW-MnTwUGtW8BZhkhS3Nd0zEenVfHyOPBw0p6wdrzgX1Yns8Ng
CHALLENGER,932,m--ZUIiDHP5NvbMb7MpfV8WH53KwHUhRUZxDHsOPAYuDIrzDTKJJcU6EKcy5aRIze-CvYyeWLi89yw
CHALLENGER,932,UHnm_awGT1ZakNW_mbF3KM0PNysz8vAvb2T8SGVLidzbfIjxYjB22NY5vt4bbxw1c4-Vd9iNuVAJfA
CHALLENGER,932,DMXNmfNJmoAioLhZ7MOko1w4jCD5Zl3XbsKQ3W3fw2yxakHXS0WlL8OxukA6d-lymloAkXRgaFkn_g
CHALLENGER,930,FNRqUoy-73wpawbuEyA-XD3qV5L5Ri4TSMZG9z1EXew7SaY6DdXzWruA5f8GG-s59irjGLwDpbjfYg
CHALLENGER,928,v28sw5zJdVK9WZabpm7AO1BZ3zjqJShucvCN7dxbH1nt4EwNK9D4m_bLmJNJ_-biApWSL02MLm0LcQ
CHALLENGER,927,ehcAhtuuR2BP3ptPZa_-ED8N30UYcLr0vD4RzapQMka9GokoebRwYq269DsZaH2srGEwGXxxpVA_SQ
CHALLENGER,926,C6LANTDf0jVrdP2WWKDcrXJrNlWsSmlMxzb8r821fnO9Xrza-pLrvfmkt5MfdXE1k-uBcqGCAXLXSQ
CHALLENGER,924,37c2GxLyAbKYzZBiKk_58zMA0b3xnYEG3tGJWq_hPECvNvHGMPavaQ6V8de181ge_XgXFbmD6q565Q
CHALLENGER,921,7jrN3nLQzYgU0eJrUQDKwfebVcX7Yj8pYaWCJcBwMzleGgWGz5_upDis1yRQ6HXiXnD5ZIQhZNsTMA
CHALLENGER,918,hLH_sLYUGvcYxAHPL3mqZhGFgamdXZzmOEhchQXLkOzrUlHlFoQzIDHpmoND4nyaQv73F1zWUnonfA
CHALLENGER,917,WaiVzmRz62quYcunHuOD7HFIuOW7P-cRuEIHo3unTsEOUCoy8IkX_5vfyZCRWjIR65qLQZn05LY_KQ
CHALLENGER,916,L7NCizxEefO3CnjzirvLdMg3YlUtFwnoUwYuwzp4_7oyBc_jtXqciGEWzNTocSfUyi8N27jraIRGTA
CHALLENGER,915,WpaYKRCBFAmD0zN0AeVC85cGH2gW43-S-nUZHe5GzygkV8WRxKQHP7eoVEgVjs6H_rDq6OSHlA4eWQ
CHALLENGER,914,iju1-NUf88mbemwJLBgDBp8g16WDUcjlvQyu9M8SYRi7FWtYDGhjDhG7_G9zDJTCU16LJ9BwHye4LQ
CHALLENGER,914,i0wpLJ9G2qP_LyRsQNIW12QHOoDLfxgucwGi-vXXhWmUEOqQ2pGuwSWkVe02tQFCha4pU0i15T_rIA
CHALLENGER,914,1Ff2hOUDuZ_QW3pcWtkN-_7dGf9FrFCyneoZ9IcMGT4EfmuH0tC0uRvRbEcrFJDkW49bn8LdX9kQ0g
CHALLENGER,912,eXCwclPIwEOs3uMRikOBCjenwQMFKf35vkHuMOL6_J2dJkq77SQI4YKprdO2stVTIxBm7hCV9DNo5A
CHALLENGER,912,GAPKkxABs1ejmx0ol98yaTljW2fX_RTWIPClroxMRKoLCLZqJhetlMhj9nwGp1PXE2Ion9csnPvvPA
CHALLENGER,909,oEPOjl7Rkv2Xq0Fg1VIqNrco1OMPiBg3uwe0NtsA2F5Whkl5puCtfuF5CHESuHhDzyRUOJEGLU5efA
CHALLENGER,909,Avtd3_vXyUGDJX6H6DiBBAthiiCvCQP8Z6jH2ECoN6tFFzzMh2hjmDwjfsv9cQ94998yLdDhfU-Prw
CHALLENGER,907,s2ntxpH694OHKqRF5NsKmFmKjTpwPLqXIPqBVYc_aqq59m3l82dOCI08kSrhgynGgove_xAvXbLojA
CHALLENGER,905,69VIBbNLSast8G0EsoLpaw1ylDz_RmEC0XBC7f7sxN6i6j-87bio5qlqS8W3LYqGgXeWQo-yRmxSww
CHALLENGER,904,82n36qDSEjIs4n4wBK9_usWOrPzmoCsCHjVfEdzfP7iUleHUUs8_37eyyTjgtuG75xeLoWrouEK23Q
CHALLENGER,903,QSNRfOCwj7zwgPXYexiKCJDWI3353L5yOztgw1sVA7ubw4OgX2XL0u6vF7ZWfhTHPMkPdlX0QDKYwQ
CHALLENGER,903,JBx8cr5vXrdKYALNXYbpu-p7hQh7HtqGxjfHHRAUrWAD3Lm42Lmhi-mDJg8TMkuaIakM6zDfC0VOfQ
CHALLENGER,901,eLJtUMCUGaT2cTtXgPIsNxmOsSih6TZ_1IjFlLKNiMuNBe_5_I87MI__LZLyDzcr5TnnKlEbrZRqSQ
CHALLENGER,901,iykVlIrrJApXRXhNY9YU3WfAW_gqf9g6UCbMTTEdPMVKeldh929XwvwSYFY4XRdt1kKAVoeuX9adzA
CHALLENGER,901,cVLSiUX2TVBQfg2NUTsST_CX_5XkKZ2mmdHeprcDvnh-ZLPA3_iPd3HbgMwVjbR1ZY1suPs0JOCXGA
CHALLENGER,901,Oc1fVAHevxeGHQTbSBSvAbjS93YQ7r0nlQ6UKp5OBrE-0xQSDbg_5WytV_aGzQ2kgWVqXESRADQl7Q
CHALLENGER,900,Q2YP5SPeqG_R6IJUo7KSXA0BRqbRnR8wL42kWyVkKrECYULR986YBqfJADaAuI1P8V2cLN001U_etg
CHALLENGER,899,wkMnm8t-Uy3Qs9EGNSKYcid-3uY4O0pvovnOyQQDKP2MhCU9PB5KoGPrfxfLObDOham6NMQqvYDScw
CHALLENGER,899,m0LQ5wTX_SFoWMrpYolBWWRnnT9J3OajtqFWVvretTGllfgG6hWOj7TN4IahVq7WedgFGNgEUGyRLg
CHALLENGER,898,oIV7TL6OgG8Di9wsjANwDOeCUFULlAlXcsqyIAx7bHkTFElggWHEYhEsTbUg284NCkaSSOjXpiqtug
CHALLENGER,898,6SWIIexPZXAv81WK9DagSTWwRlJ62zVilNUVwEif2NvXnp2FS3f6VBYlIQseRR_0uQUdG1_sX7_OWQ
CHALLENGER,898,nqxjOhZLMSpiv9dN3HI_bm5RQmeZ0fTJ5M56zdJIevUOBZO7FF25tAWRLQdkd7888p7FkEAQKrJr9w
CHALLENGER,897,uaNXoODQ9blf1RT0k9XLfC80sBCrHVscD39Wu3Gs2afkOV2QSUb6fZoX0rqOsK0lsPxm6KPBK9GVkg
CHALLENGER,896,MQl5DBxenJjpgw3TLU5sjnFHBxxOzq5W5ydtFP5c85mCTpMpzRPNQ6SmwAIlvSH-mmdmCje73KOiPA
CHALLENGER,895,6NVT3MsiDwv6u4mwonPGJZAT5y7NG62lYM085kyNl3ArJpAuFkFJ7KIWL9PGApFve3f3LWYYO1B4dA
CHALLENGER,893,ni2K_gqkRkvSUWQhUL2a9R1umN5MifAkFT8Dwp8FO62dXl4whIzjlRHywh80324-sFCJIdGQHKDB4w
CHALLENGER,892,kaYqnmWrr0umoAHATwNguqLfTi7DkiIn_nz3G8O2GhVw0vXqxuNmJcAM0HQ7iLus0Nw5CskqBGQJyQ
CHALLENGER,892,HPml9tmHraPMV2CPtuZZA8-DqcZmeRhox9msK7xPl-8AI-fZeGQqASTLdWHNfOwnvMIp0kzTycGn9Q
CHALLENGER,890,eaM8CO8TOuovjdagq9Gd6YF9VjVnjCPY9GYv_xRdqzz_UhT5vqxOy2bh7gQ68BS55RaMOpVAWV1uIA
CHALLENGER,889,4NeO-DpHvSxzdQt8qBOlqvhWWG12W6O3tfzAY3I20e6phDRc1b-UlEGP66eCTDtZ8C87wRelo6LYIg
CHALLENGER,889,BtBFxPOqtIb8LnWABgDayk2Ofmvcn1lYpmayg9XHxKN2GhL3av69C_TxRNjVHsTNqu6heWlHQhpuUA
CHALLENGER,887,jn_pDf83WfeOh5N8tdVlJTxVSqTWhsoTfgn4eAfMABybi69Dsh6mHkKO7rmycEX5N0aZKNzpIcUQ3Q
CHALLENGER,887,cXfd6HmchllASmKSXgWGnWOZXYwhDIgnlLAh3JYDoSSXz5Cd4gGCs8L-QWEf2QToMKK7K9Brr9taPg
CHALLENGER,884,Rdpjh0cEtHfInZdWgbGeDyrFHB4ek6czrY_t8lCd2xtCEtDfO33E_Qdo0Yr_Duc4rtv6qhNGr5BNmw
CHALLENGER,883,eSkJZffe7Un1lz_mDvxECI7SE7hECkkaX53maaIl9g7ZGCzqO-bUSdHg20Gm-JA9FnJvSn3HpUJfiw
CHALLENGER,882,WtI8-UKymcNWWskv1AyZlqxu67_AHdFrNxbze3sN2eMCT2N2tuuq524xn0Pr_VY51WtQJGoZiNN1DQ
CHALLENGER,882,JlPeKdFtq6eZTEXJHk_tWtc_ubau38jCfgCd_cgkOtzEah0kxhk5puqVo6DylSncBxcVwmNq6cgzIg
CHALLENGER,882,-jmby__h6UpbDd-jZ1DPbDQq7iVIfZWil0GXJ8-6_6tD810t4vUxAe0QF3Oi1vpacjWX8hudlhEV5w
CHALLENGER,881,TGukb2xSaWLQlZzpvs6UEmYZc39HkQcAbIZEON5OwR1b9S1wvBzXeYGW_t2dn9uADl9OEdcn06Vmqw
CHALLENGER,880,lvZAc_DLFvfUtFMwiHHrpIdn_TQ4KmsR2FTA_s4kNkTsYRSP2otQHGTVmBE3FdUphK55UkWN9KXhpA
CHALLENGER,878,bSePTxlJJ-3HjgrrwD96BY8PgJax96ND65wHvWVboH3HZq2LdddS9hs9ZLg3KKqXXvlwUZv_UQbiLQ
CHALLENGER,878,Ys6baJmQYufJICCA76UMYWG77iQp1cNY8CvL2i0CNN3KWdp7DBsJoLEV7vdu1BPoQ0CdmZCyKP42Rg
CHALLENGER,878,oxot532amYMjLrltG-9GTMS1VJSiPOfQ5_tI2iAA8yfuW5TxGhT4GBFlKih60K7sgxN-ZeBvRh1cuw
CHALLENGER,878,pwKO-9u0SolbUktE1J7rBWoxXMpCDbVjxWeR9FO7OPU8-cqhMA_w4N1l0UZdC-NGnixtOQ5gMS5yxA
CHALLENGER,877,Psd7rlUM3Zl5vFG2HgfYMVkqXMZ_djmMhcgUNp8dnAV3oW_lKLiyidxcHsUPBSpg2ZIoQArIDuYXZQ
CHALLENGER,877,ESt3XQVUTBsrefpzPCI4bwHB2lTLHMAkIwhHhjbHtTSpk4nB6RUtVWNyabqkWK5VZbKWNKPS7xFA4Q
CHALLENGER,877,obPYv07fN-GPlZMS37t_av4l8kax82Fp0TTkRIS0bNaLnnt8X8eVpfxU1ZJTGuzvknWU87EpSo9rmQ
CHALLENGER,876,2nfKQQqVF4IS5AWD8JiOK9UAfMz6Vq84Art63Yw9uXHqhbCIPTLJfbHZz20iUJVj3VtlFTUj6zfM4A
CHALLENGER,876,4EPt5qEwg5GfaQRVzVecxUIxpoEajGd8VAm5ZbHXOWQM0Sjef8kKbtACFtRDYWwLLhkqJn97vNmhXg
CHALLENGER,876,B2nUlu4_TWGGYvUX2HEgzywMylsVjVgXnuMU4Y5u3Hb_Xslvrtm4FOx5jdhGAfMRF0nTBSelPu9MgA
CHALLENGER,875,StQcxg92EPtx4r6JYV-Cb4eHWlKJ2j1oP3FowcMy9cJViTpmb4FfXVXIrSKLkT-vRBaERyaxCFeSeA
CHALLENGER,875,DOVbnganY0SchEyfqzr_xVakQBRYmrlUuhprxlcHvXtqpiheO09XhnBDfd4yREu1lKC9tP0aIm2G-g
CHALLENGER,875,cnFhAIJW29O1_IMAOgjE4sX7HBTGXgNoiDE9rkb36Vq5f7qwHaxk_a95V_oIO-kQVfrZKtQxw2eXSw
CHALLENGER,875,SsSA3ZXM46-MZc0xjoUn4nH8OUbDuOMc323uMGEvvmwtfA2neDDdGD2imHMyWxkShkSlgZsHJpbiXg
CHALLENGER,875,lGzbF648tBdbd-AKETJjyaA2oeagtT6AYNhoOhL52pPNzd2GbTgGkZu6ghpLXWGVbKtao4XEWuts9A
CHALLENGER,874,s4tmWhHEEeCMdsrGuVLZ7K5s0IqOijLdixxkB8AbZEdOkukvdgzzyvb9c_adies_hGdYxqItJQY17w
CHALLENGER,873,_ASYdxXoH_U8hUMN4x1Y9Cn1-xDZSjs7jcyu3xbf89LD2mfcnaFRGtuo80M-rnCzKrVpAWYEgvCh2A
CHALLENGER,873,4GhnPSzBSGvFOsMla-v-sQwI9nVZZoQUX0nkIm8j9s6HJMFM01MrLwPi0gN-1ej7cvsa0cUdfnmJnw
CHALLENGER,873,_9wYImCeC9VtODy_AijLOWKuSqYYxifOxfku6-Ui_srZHFLiZ_qBwMyywJXNfbJ5HG9ixLyXrBC3xw
CHALLENGER,871,qru01xopASihOVZMtOtvzk0TFM1gYRkfIkKHduM-Og1SqUkE3SAD8AA9FgEAAFZBNQZrymdxqd7v-A
CHALLENGER,871,jwr0H0vExbIWsO9_uqfJ1DNXy8A6rftuFKxXQMI5mkqj5HbNjEkjA2x6EvfpeC5-o_BZP21uVJN7Fg
CHALLENGER,871,M_gqDcbcWgScMTpPMFEuzQY-LFafqX3gg1PX9bcwi0eFiCftg3QNvZU909M1qKKlx-qBnk0WjMhiBg
CHALLENGER,870,97d96Chhy6BVI48kENpEy_UemfQzNEym1HGDBh24LpfFQyukZ2ihw2VGsR5BBDsx3BLc8pT_s7i1qA
CHALLENGER,870,Va28liOe_CtDu9cPoRAtmbKazWXAry52mLA3F4u9rxvytbEsnDpAQYYvkbGIp5o74LNCSsIdxaRkoQ
CHALLENGER,870,1jwQmYfJEHLRFf5NRKnqpHvCzLTprW4xHnSBDRQ72mVqBaBpX4dzwb4G7Y5Ksd3QzeMAESVlWME2rA
CHALLENGER,869,9DPIQ8tdrD8oXPcHz0X0XO00wj-W91ezf_egEQwEIuWgSuIm4jFAn8oDNIJ18D-Wgh2XfKiKXh6FGw
CHALLENGER,869,K4y5Iq--ZfEZLDiuGsBv8fU-Qjkn4LeEr-g4E5ZRfL8YEL1MXctgFNzQD2YpmH2LpfFQvjux3mEmtA
CHALLENGER,867,xfOt2akd-V94RX5pnuDqmYN-F-z2jZaCM2ZtF-0VJTNhytX3D9hC79fCT2hSktw_mWD5uddOuxgktg
CHALLENGER,867,2KMkliV_oRT0LRbT1dnRzPvOrugdogTBtGjSNl_TYPGghwsLh4SNJ1C7KwiGPRV-3Gk9L4DXb1ARvg
CHALLENGER,867,_2sYjhFbXypnKnng5y3aoa7D_imKtoklHfn_UcsJnuGLwUOgux8PODnm7SOpZ6W9zP8tAsyEKcIT-Q
CHALLENGER,866,btEvXU4RF5xs1QMvYF2DDnF8AYMAJpAPjk7zpOT29j--QBAQo6BaDoXkT1JiiTyrjEu89LKW5adyfA
CHALLENGER,866,48HZNstwoal0vvHwjMRfzPiL5nff1kaWzXF3jGAkSVTpVfOZn-rMcvuBplxt80yXg7AbGsTwN3Z-lg
CHALLENGER,866,RrlvSB_EGUtZQkK2mQ77Faqe74u7pjyUV8wZqhUwV3lQ36maOBRqkvvThMeh0oocn4HtsV2Ty6tI_Q
CHALLENGER,865,4L-OEijStYk7YtDu37tlWDd_Vb_WZGYHloAD2QN962BXAYw362irAPEHwGgO2a7PlUVYIwHP1Vbd-g
CHALLENGER,864,16_Ris_8Tl7rxzl6g-MT1Jkf95e2vRmtCuA3dl6uE6K85rXLrDWHYDxYDqKL7cSdugI4fcpYUIZZ6g
CHALLENGER,863,rBj0OA01pnMdH3maN7KXGpio7h2qwBS8W2I0DfZdzBHrkmv_La_cK9A2OkKdcITXZ3sPr0WeGbEORQ
CHALLENGER,862,ixhEKqI8lLxLZsYyXGmw9jvL6ZU7cLtRNw-xTyKx6J_C0KJ-1KOim8MEP3NeUsB2ku3zmxVQXANEHQ
CHALLENGER,862,CzNDQdKOnrDjIKvz1SQVtSQKj6MryBC7QcU4APAhFnoQYtQxCFuTO9pbY3oRSYV5h4Re_uuJgoJ5qA
CHALLENGER,861,S6gIzhKwoDe2XEK0owQTvNfPD8UGYMhshno-bGSmZ2WoxJnTGvk2xQz_MHQN8DemgWTmnaXhpZrjhg
CHALLENGER,861,g3hmd5g48VQ34L8mH0djsT5eOjIFmq2krPR07PKDcVH8bGGlGymWvPfhcVSASM1eO4w5j_JT2kvA1w
CHALLENGER,861,ofmWMxfjRwv0tkWZp-2qqnP_fqFZpQlQ-I7NEAPGH2LT649aJIS2itqZ222qa5VHZ7KX2ywz_7SvMw
CHALLENGER,859,MDaRkxTrFzrKDOrGbdOakQsCCqc_xdMmNNCJAV96Thygr-pLMWPHj8G_mqSEK6A55HIthDn8JTLW8A
CHALLENGER,857,jdGnWMzuDjw4Z1pOWmi7KV5KEzt-5OoN63hn8I_DxPvasXyzg6_RITitBdb2t4WU2OzSb9ViT2pWaQ
CHALLENGER,857,bzUyiyYX9cSOIuvD2uY9yYGZ12VXJBnYkN53KYfZcK7Nv9lhvwMeWUfVA9jEKlshOrUChtnXoxTNvg
CHALLENGER,856,MGT-67Pbv4UNs7oehdJKOaRue75UxxwMgsz_IhwY404cTbO-D9pyUqLWHER7qh-mZdZYaXqxlWjw2w
CHALLENGER,856,44WCf-3ZSXJiOqoJkiirt86GcHT8NbhYP6zdDrztsXNRq9SUdIlRl6DuaC-lEeSIs2SvBBlQaSR6cQ
CHALLENGER,855,DUh3EN8Me9Br6IHC3ySwI3T0XtVp6JiqBgsBGy7fEIe_HcKkqxNWnyHCX0f07CLW7FAgjFs2ev2lng
CHALLENGER,840,ACRJskQTr6FOX79r-AxGugsKsJYrHmOwDtNkqgHU9sSLx9vVgTKWGwibKFnYq3FOuJh_2kFs5tmSww
CHALLENGER,834,3_RhyAqbH2IiVot6u5VShMBNCO9_ZZ71Wf5Pcv4IL6iWqrenXyOUKssI9ZBnrA-nMkbuqxPXbhiBMg
CHALLENGER,833,n02Roa75-KCZRWNedd9_Smw_CTgLnJiG0kwhW5t4oZX9d973ibK7GxWzIQWH2dXq1YFvC1MrBJsfEg
CHALLENGER,830,54X05nlGmVrKvmXQ1kldQcOTZX5jdgxlKWyIENiRtPzHewxe2dWtF9j_cNBRjFGeC4bRXX1riMAJYw
CHALLENGER,732,BYkUoyn_pqo7ZAS76o2kaY7ZQasQuDxJ25viBXL24itdxBjVVhWMEhQA5dkJighSh9Slq7GXFAkHOQ
